41172740,7/29/15,Violations were cited in the following area(s).,10B,Plumbing not properly installed or maintained; anti-siphonage or backflow prevention device not provided where required; equipment or floor not properly drained; sewage disposal system in disrepair or not functioning properly.,Not Critical,13,A,7/29/15,6/6/16,Cycle Inspection / Initial Inspection
50016102,12/28/15,Violations were cited in the following area(s).,10F,"Non-food contact surface improperly constructed. Unacceptable material used. Non-food contact surface or equipment improperly maintained and/or not properly sealed, raised, spaced or movable to allow accessibility for cleaning on all sides, above and underneath the unit.",Not Critical,10,A,12/28/15,6/6/16,Cycle Inspection / Initial Inspection
41610646,3/14/16,Violations were cited in the following area(s).,10F,"Non-food contact surface improperly constructed. Unacceptable material used. Non-food contact surface or equipment improperly maintained and/or not properly sealed, raised, spaced or movable to allow accessibility for cleaning on all sides, above and underneath the unit.",Not Critical,7,A,3/14/16,6/6/16,Cycle Inspection / Initial Inspection
41542651,5/22/14,Establishment Closed by DOHMH.  Violations were cited in the following area(s) and those requiring immediate action were addressed.,06A,Personal cleanliness inadequate. Outer garment soiled with possible contaminant.  Effective hair restraint not worn in an area where food is prepared.,Critical,64,,,6/6/16,Cycle Inspection / Initial Inspection
50014705,10/19/15,Violations were cited in the following area(s).,08A,Facility not vermin proof. Harborage or conditions conducive to attracting vermin to the premises and/or allowing vermin to exist.,Not Critical,12,,,6/6/16,Cycle Inspection / Initial Inspection
41021991,5/24/16,Violations were cited in the following area(s).,06D,"Food contact surface not properly washed, rinsed and sanitized after each use and following any activity when contamination may have occurred.",Critical,11,A,5/24/16,6/6/16,Cycle Inspection / Initial Inspection
41606808,3/14/16,No violations were recorded at the time of this inspection.,,,Not Applicable,,,,6/6/16,Administrative Miscellaneous / Initial Inspection
40696304,9/7/13,Violations were cited in the following area(s).,05D,Hand washing facility not provided in or near food preparation area and toilet room. Hot and cold running water at adequate pressure to enable cleanliness of employees not provided at facility. Soap and an acceptable hand-drying device not provided.,Critical,23,,,6/6/16,Cycle Inspection / Initial Inspection
40383067,10/29/14,Violations were cited in the following area(s).,04L,Evidence of mice or live mice present in facility's food and/or non-food areas.,Critical,28,,,6/6/16,Cycle Inspection / Initial Inspection
41242225,11/20/14,Violations were cited in the following area(s).,06A,Personal cleanliness inadequate. Outer garment soiled with possible contaminant.  Effective hair restraint not worn in an area where food is prepared.,Critical,17,B,11/20/14,6/6/16,Cycle Inspection / Re-inspection
41595904,2/27/13,Violations were cited in the following area(s).,06F,Wiping cloths soiled or not stored in sanitizing solution.,Critical,17,,,6/6/16,Cycle Inspection / Initial Inspection
40399007,5/12/16,Violations were cited in the following area(s).,10F,"Non-food contact surface improperly constructed. Unacceptable material used. Non-food contact surface or equipment improperly maintained and/or not properly sealed, raised, spaced or movable to allow accessibility for cleaning on all sides, above and underneath the unit.",Not Critical,13,A,5/12/16,6/6/16,Cycle Inspection / Initial Inspection
50007046,5/22/14,Violations were cited in the following area(s).,10F,"Non-food contact surface improperly constructed. Unacceptable material used. Non-food contact surface or equipment improperly maintained and/or not properly sealed, raised, spaced or movable to allow accessibility for cleaning on all sides, above and underneath the unit.",Not Critical,13,A,5/22/14,6/6/16,Pre-permit (Operational) / Initial Inspection
41560746,5/29/14,Violations were cited in the following area(s).,10B,Plumbing not properly installed or maintained; anti-siphonage or backflow prevention device not provided where required; equipment or floor not properly drained; sewage disposal system in disrepair or not functioning properly.,Not Critical,13,A,5/29/14,6/6/16,Cycle Inspection / Re-inspection
41720841,1/9/14,Violations were cited in the following area(s).,06C,"Food not protected from potential source of contamination during storage, preparation, transportation, display or service.",Critical,25,B,1/9/14,6/6/16,Cycle Inspection / Re-inspection
41346769,5/20/14,Violations were cited in the following area(s).,04L,Evidence of mice or live mice present in facility's food and/or non-food areas.,Critical,28,,,6/6/16,Cycle Inspection / Initial Inspection
41475257,12/14/12,Violations were cited in the following area(s).,02G,Cold food item held above 41_ F (smoked fish and reduced oxygen packaged foods above 38 ) except during necessary preparation.,Critical,35,,,6/6/16,Cycle Inspection / Initial Inspection
40403579,10/9/13,Violations were cited in the following area(s).,02G,Cold food item held above 41_ F (smoked fish and reduced oxygen packaged foods above 38 ) except during necessary preparation.,Critical,9,A,10/9/13,6/6/16,Cycle Inspection / Re-inspection
40364744,10/15/14,Violations were cited in the following area(s).,02B,Hot food item not held at or above 140_ F.,Critical,26,,,6/6/16,Cycle Inspection / Initial Inspection
41302781,3/31/15,Violations were cited in the following area(s).,02G,Cold food item held above 41_ F (smoked fish and reduced oxygen packaged foods above 38 ) except during necessary preparation.,Critical,12,A,3/31/15,6/6/16,Cycle Inspection / Initial Inspection
41637672,6/23/14,Violations were cited in the following area(s).,02G,Cold food item held above 41_ F (smoked fish and reduced oxygen packaged foods above 38 ) except during necessary preparation.,Critical,15,,,6/6/16,Cycle Inspection / Initial Inspection
40402362,5/8/13,Violations were cited in the following area(s).,02G,Cold food item held above 41_ F (smoked fish and reduced oxygen packaged foods above 38 ) except during necessary preparation.,Critical,13,A,5/8/13,6/6/16,Cycle Inspection / Re-inspection
50000548,8/6/14,Violations were cited in the following area(s).,02G,Cold food item held above 41_ F (smoked fish and reduced oxygen packaged foods above 38 ) except during necessary preparation.,Critical,15,,,6/6/16,Cycle Inspection / Initial Inspection
41234610,7/27/13,Violations were cited in the following area(s).,04A,Food Protection Certificate not held by supervisor of food operations.,Critical,44,,,6/6/16,Cycle Inspection / Initial Inspection
41126055,1/30/13,Violations were cited in the following area(s).,10H,Proper sanitization not provided for utensil ware washing operation.,Not Critical,18,,,6/6/16,Cycle Inspection / Re-inspection
41709543,3/15/13,Violations were cited in the following area(s).,10F,"Non-food contact surface improperly constructed. Unacceptable material used. Non-food contact surface or equipment improperly maintained and/or not properly sealed, raised, spaced or movable to allow accessibility for cleaning on all sides, above and underneath the unit.",Not Critical,11,A,3/15/13,6/6/16,Pre-permit (Operational) / Initial Inspection
41632985,1/26/13,Violations were cited in the following area(s).,10B,Plumbing not properly installed or maintained; anti-siphonage or backflow prevention device not provided where required; equipment or floor not properly drained; sewage disposal system in disrepair or not functioning properly.,Not Critical,12,A,1/26/13,6/6/16,Cycle Inspection / Initial Inspection
41174947,2/27/15,Violations were cited in the following area(s).,10F,"Non-food contact surface improperly constructed. Unacceptable material used. Non-food contact surface or equipment improperly maintained and/or not properly sealed, raised, spaced or movable to allow accessibility for cleaning on all sides, above and underneath the unit.",Not Critical,19,,,6/6/16,Cycle Inspection / Initial Inspection
40389357,7/23/13,Violations were cited in the following area(s).,10F,"Non-food contact surface improperly constructed. Unacceptable material used. Non-food contact surface or equipment improperly maintained and/or not properly sealed, raised, spaced or movable to allow accessibility for cleaning on all sides, above and underneath the unit.",Not Critical,21,,,6/6/16,Cycle Inspection / Initial Inspection
50010106,6/30/14,Violations were cited in the following area(s).,06C,"Food not protected from potential source of contamination during storage, preparation, transportation, display or service.",Critical,13,A,6/30/14,6/6/16,Pre-permit (Operational) / Initial Inspection
41598951,12/3/15,Violations were cited in the following area(s).,10F,"Non-food contact surface improperly constructed. Unacceptable material used. Non-food contact surface or equipment improperly maintained and/or not properly sealed, raised, spaced or movable to allow accessibility for cleaning on all sides, above and underneath the unit.",Not Critical,12,A,12/3/15,6/6/16,Cycle Inspection / Re-inspection
50003921,7/28/15,Violations were cited in the following area(s).,02G,Cold food item held above 41_ F (smoked fish and reduced oxygen packaged foods above 38 ) except during necessary preparation.,Critical,8,,,6/6/16,Cycle Inspection / Initial Inspection
50000891,12/5/13,Violations were cited in the following area(s).,04L,Evidence of mice or live mice present in facility's food and/or non-food areas.,Critical,18,B,12/5/13,6/6/16,Pre-permit (Operational) / Re-inspection
40943615,3/23/15,Violations were cited in the following area(s).,04K,Evidence of rats or live rats present in facility's food and/or non-food areas.,Critical,18,B,3/23/15,6/6/16,Cycle Inspection / Re-inspection
41583495,2/3/16,Violations were cited in the following area(s).,06D,"Food contact surface not properly washed, rinsed and sanitized after each use and following any activity when contamination may have occurred.",Critical,5,A,2/3/16,6/6/16,Cycle Inspection / Initial Inspection
50001588,10/9/14,Violations were cited in the following area(s).,02G,Cold food item held above 41_ F (smoked fish and reduced oxygen packaged foods above 38 ) except during necessary preparation.,Critical,8,A,10/9/14,6/6/16,Cycle Inspection / Initial Inspection
41636886,9/19/13,Violations were cited in the following area(s).,04H,"Raw, cooked or prepared food is adulterated, contaminated, cross-contaminated, or not discarded in accordance with HACCP plan.",Critical,25,,,6/6/16,Cycle Inspection / Initial Inspection
50011925,10/16/15,Violations were cited in the following area(s).,05D,Hand washing facility not provided in or near food preparation area and toilet room. Hot and cold running water at adequate pressure to enable cleanliness of employees not provided at facility. Soap and an acceptable hand-drying device not provided.,Critical,21,,,6/6/16,Cycle Inspection / Initial Inspection
41700785,7/10/13,Violations were cited in the following area(s).,04M,Live roaches present in facility's food and/or non-food areas.,Critical,22,,,6/6/16,Cycle Inspection / Initial Inspection
41423753,9/21/15,Violations were cited in the following area(s).,04L,Evidence of mice or live mice present in facility's food and/or non-food areas.,Critical,16,,,6/6/16,Cycle Inspection / Initial Inspection
40387528,3/6/15,Violations were cited in the following area(s).,02G,Cold food item held above 41_ F (smoked fish and reduced oxygen packaged foods above 38 ) except during necessary preparation.,Critical,10,A,3/6/15,6/6/16,Cycle Inspection / Re-inspection
41311390,7/8/14,Violations were cited in the following area(s).,04L,Evidence of mice or live mice present in facility's food and/or non-food areas.,Critical,12,A,7/8/14,6/6/16,Cycle Inspection / Re-inspection
40943621,5/30/14,Violations were cited in the following area(s).,10F,"Non-food contact surface improperly constructed. Unacceptable material used. Non-food contact surface or equipment improperly maintained and/or not properly sealed, raised, spaced or movable to allow accessibility for cleaning on all sides, above and underneath the unit.",Not Critical,11,A,5/30/14,6/6/16,Cycle Inspection / Re-inspection
41630686,3/5/13,Violations were cited in the following area(s).,06B,"Tobacco use, eating, or drinking from open container in food preparation, food storage or dishwashing area observed.",Critical,17,B,3/5/13,6/6/16,Cycle Inspection / Re-inspection
41613424,5/14/14,Violations were cited in the following area(s).,09C,Food contact surface not properly maintained.,Not Critical,11,A,5/14/14,6/6/16,Cycle Inspection / Initial Inspection
41351011,4/8/15,Violations were cited in the following area(s).,06D,"Food contact surface not properly washed, rinsed and sanitized after each use and following any activity when contamination may have occurred.",Critical,43,,,6/6/16,Cycle Inspection / Initial Inspection
40424919,1/22/14,Establishment re-closed by DOHMH,08A,Facility not vermin proof. Harborage or conditions conducive to attracting vermin to the premises and/or allowing vermin to exist.,Not Critical,12,,,6/6/16,Cycle Inspection / Reopening Inspection
41443150,12/18/14,Violations were cited in the following area(s).,06E,"Sanitized equipment or utensil, including in-use food dispensing utensil, improperly used or stored.",Critical,20,,,6/6/16,Cycle Inspection / Initial Inspection
40756287,2/12/15,Violations were cited in the following area(s).,04L,Evidence of mice or live mice present in facility's food and/or non-food areas.,Critical,17,,,6/6/16,Cycle Inspection / Initial Inspection
41010943,5/7/13,Violations were cited in the following area(s).,02B,Hot food item not held at or above 140_ F.,Critical,18,B,5/7/13,6/6/16,Cycle Inspection / Re-inspection
50014469,5/23/15,Violations were cited in the following area(s).,06A,Personal cleanliness inadequate. Outer garment soiled with possible contaminant.  Effective hair restraint not worn in an area where food is prepared.,Critical,33,C,5/23/15,6/6/16,Cycle Inspection / Re-inspection
41682122,4/23/13,Violations were cited in the following area(s).,04D,"Food worker does not wash hands thoroughly after using the toilet, coughing, sneezing, smoking, eating, preparing raw foods or otherwise contaminating hands.",Critical,16,,,6/6/16,Cycle Inspection / Initial Inspection
40368271,4/26/16,Violations were cited in the following area(s).,15L,"Smoke free workplace smoking policy inadequate, not posted, not provided to employees.",Not Critical,,,,6/6/16,Smoke-Free Air Act / Initial Inspection
40386528,12/6/13,Violations were cited in the following area(s).,06A,Personal cleanliness inadequate. Outer garment soiled with possible contaminant.  Effective hair restraint not worn in an area where food is prepared.,Critical,28,,,6/6/16,Cycle Inspection / Initial Inspection
41258669,6/3/14,Violations were cited in the following area(s).,04M,Live roaches present in facility's food and/or non-food areas.,Critical,15,B,6/3/14,6/6/16,Cycle Inspection / Re-inspection
50036648,9/15/15,Violations were cited in the following area(s).,04L,Evidence of mice or live mice present in facility's food and/or non-food areas.,Critical,19,B,9/15/15,6/6/16,Cycle Inspection / Re-inspection
41654886,3/29/16,Violations were cited in the following area(s).,02B,Hot food item not held at or above 140_ F.,Critical,13,A,3/29/16,6/6/16,Cycle Inspection / Initial Inspection
50004934,2/15/14,Violations were cited in the following area(s).,08A,Facility not vermin proof. Harborage or conditions conducive to attracting vermin to the premises and/or allowing vermin to exist.,Not Critical,17,B,2/15/14,6/6/16,Pre-permit (Operational) / Re-inspection
41600260,2/4/16,Violations were cited in the following area(s).,02B,Hot food item not held at or above 140_ F.,Critical,8,A,2/4/16,6/6/16,Cycle Inspection / Re-inspection
50000381,9/22/15,Violations were cited in the following area(s).,20F,Current letter grade card not posted.,Not Critical,,,,6/6/16,Administrative Miscellaneous / Initial Inspection
41657759,7/9/14,Violations were cited in the following area(s).,02G,Cold food item held above 41_ F (smoked fish and reduced oxygen packaged foods above 38 ) except during necessary preparation.,Critical,10,A,7/9/14,6/6/16,Cycle Inspection / Re-inspection
41669606,6/11/15,Violations were cited in the following area(s).,04N,"Filth flies or food/refuse/sewage-associated (FRSA) flies present in facilitys food and/or non-food areas. Filth flies include house flies, little house flies, blow flies, bottle flies and flesh flies. Food/refuse/sewage-associated flies include fruit flies, drain flies and Phorid flies.",Critical,8,,,6/6/16,Cycle Inspection / Initial Inspection
41489230,10/8/14,Violations were cited in the following area(s).,10E,Accurate thermometer not provided in refrigerated or hot holding equipment.,Not Critical,12,A,10/8/14,6/6/16,Cycle Inspection / Initial Inspection
41594807,11/13/13,Violations were cited in the following area(s).,16B,"The original nutritional fact labels and/or ingredient label for a cooking oil, shortening or margarine or food item sold in bulk, or acceptable manufacturers documentation not maintained on site.",Not Critical,,,,6/6/16,Trans Fat / Compliance Inspection
50048264,5/21/16,Violations were cited in the following area(s).,06A,Personal cleanliness inadequate. Outer garment soiled with possible contaminant.  Effective hair restraint not worn in an area where food is prepared.,Critical,35,Not Yet Graded,,6/6/16,Pre-permit (Operational) / Initial Inspection
40884395,2/11/14,Violations were cited in the following area(s).,08A,Facility not vermin proof. Harborage or conditions conducive to attracting vermin to the premises and/or allowing vermin to exist.,Not Critical,12,A,2/11/14,6/6/16,Cycle Inspection / Initial Inspection
50005760,3/20/15,Violations were cited in the following area(s).,15L,"Smoke free workplace smoking policy inadequate, not posted, not provided to employees.",Not Critical,,,,6/6/16,Smoke-Free Air Act / Initial Inspection
41651087,5/1/13,Violations were cited in the following area(s).,02G,Cold food item held above 41_ F (smoked fish and reduced oxygen packaged foods above 38 ) except during necessary preparation.,Critical,21,,,6/6/16,Cycle Inspection / Initial Inspection
50002902,4/16/15,Violations were cited in the following area(s).,06D,"Food contact surface not properly washed, rinsed and sanitized after each use and following any activity when contamination may have occurred.",Critical,10,,,6/6/16,Cycle Inspection / Initial Inspection
41591834,3/2/16,Violations were cited in the following area(s).,06B,"Tobacco use, eating, or drinking from open container in food preparation, food storage or dishwashing area observed.",Critical,10,,,6/6/16,Cycle Inspection / Initial Inspection
50001918,9/16/13,Violations were cited in the following area(s).,08A,Facility not vermin proof. Harborage or conditions conducive to attracting vermin to the premises and/or allowing vermin to exist.,Not Critical,20,,,6/6/16,Pre-permit (Operational) / Initial Inspection
41698592,7/1/13,Violations were cited in the following area(s).,02G,Cold food item held above 41_ F (smoked fish and reduced oxygen packaged foods above 38 ) except during necessary preparation.,Critical,23,,,6/6/16,Cycle Inspection / Initial Inspection
41302692,8/15/14,Violations were cited in the following area(s).,22C,"Bulb not shielded or shatterproof, in areas where there is extreme heat, temperature changes, or where accidental contact may occur.",Not Critical,,,,6/6/16,Administrative Miscellaneous / Initial Inspection
50014422,4/20/16,Violations were cited in the following area(s).,06D,"Food contact surface not properly washed, rinsed and sanitized after each use and following any activity when contamination may have occurred.",Critical,12,A,4/20/16,6/6/16,Cycle Inspection / Initial Inspection
50018801,6/1/16,Violations were cited in the following area(s).,02G,Cold food item held above 41_ F (smoked fish and reduced oxygen packaged foods above 38 ) except during necessary preparation.,Critical,34,,,6/6/16,Cycle Inspection / Initial Inspection
50000055,1/30/16,Violations were cited in the following area(s).,09B,Thawing procedures improper.,Not Critical,28,,,6/6/16,Cycle Inspection / Initial Inspection
41706018,4/8/16,Violations were cited in the following area(s).,08C,Pesticide use not in accordance with label or applicable laws. Prohibited chemical used/stored. Open bait station used.,Not Critical,49,,,6/6/16,Cycle Inspection / Initial Inspection
41154580,1/21/15,Violations were cited in the following area(s).,09C,Food contact surface not properly maintained.,Not Critical,17,B,1/21/15,6/6/16,Cycle Inspection / Re-inspection
41583613,9/24/15,Violations were cited in the following area(s).,08A,Facility not vermin proof. Harborage or conditions conducive to attracting vermin to the premises and/or allowing vermin to exist.,Not Critical,42,,,6/6/16,Cycle Inspection / Initial Inspection
41373384,11/4/13,Violations were cited in the following area(s).,04M,Live roaches present in facility's food and/or non-food areas.,Critical,11,A,11/4/13,6/6/16,Cycle Inspection / Initial Inspection
41548686,1/27/14,Violations were cited in the following area(s).,02G,Cold food item held above 41_ F (smoked fish and reduced oxygen packaged foods above 38 ) except during necessary preparation.,Critical,14,,,6/6/16,Cycle Inspection / Initial Inspection
41647939,3/30/16,Violations were cited in the following area(s).,06C,"Food not protected from potential source of contamination during storage, preparation, transportation, display or service.",Critical,18,B,3/30/16,6/6/16,Cycle Inspection / Re-inspection
50012299,6/8/15,Violations were cited in the following area(s).,10B,Plumbing not properly installed or maintained; anti-siphonage or backflow prevention device not provided where required; equipment or floor not properly drained; sewage disposal system in disrepair or not functioning properly.,Not Critical,10,A,6/8/15,6/6/16,Cycle Inspection / Initial Inspection
41086770,4/30/13,Violations were cited in the following area(s).,06C,"Food not protected from potential source of contamination during storage, preparation, transportation, display or service.",Critical,15,,,6/6/16,Cycle Inspection / Initial Inspection
41713226,3/17/16,Violations were cited in the following area(s).,10F,"Non-food contact surface improperly constructed. Unacceptable material used. Non-food contact surface or equipment improperly maintained and/or not properly sealed, raised, spaced or movable to allow accessibility for cleaning on all sides, above and underneath the unit.",Not Critical,8,A,3/17/16,6/6/16,Cycle Inspection / Initial Inspection
41607269,9/7/12,Violations were cited in the following area(s).,06D,"Food contact surface not properly washed, rinsed and sanitized after each use and following any activity when contamination may have occurred.",Critical,38,,,6/6/16,Cycle Inspection / Initial Inspection
40393038,12/5/14,No violations were recorded at the time of this inspection.,,,Not Applicable,,,,6/6/16,Administrative Miscellaneous / Initial Inspection
50044306,1/11/16,Violations were cited in the following area(s).,02G,Cold food item held above 41_ F (smoked fish and reduced oxygen packaged foods above 38 ) except during necessary preparation.,Critical,27,,,6/6/16,Pre-permit (Operational) / Initial Inspection
50004805,3/3/16,Violations were cited in the following area(s).,10F,"Non-food contact surface improperly constructed. Unacceptable material used. Non-food contact surface or equipment improperly maintained and/or not properly sealed, raised, spaced or movable to allow accessibility for cleaning on all sides, above and underneath the unit.",Not Critical,9,A,3/3/16,6/6/16,Cycle Inspection / Initial Inspection
50000703,11/7/13,Violations were cited in the following area(s).,02G,Cold food item held above 41_ F (smoked fish and reduced oxygen packaged foods above 38 ) except during necessary preparation.,Critical,23,,,6/6/16,Pre-permit (Operational) / Initial Inspection
41453387,3/5/14,Violations were cited in the following area(s).,06C,"Food not protected from potential source of contamination during storage, preparation, transportation, display or service.",Critical,15,,,6/6/16,Cycle Inspection / Initial Inspection
50008861,5/12/14,Violations were cited in the following area(s).,09B,Thawing procedures improper.,Not Critical,22,,,6/6/16,Pre-permit (Operational) / Initial Inspection
41074629,3/28/13,Violations were cited in the following area(s).,10F,"Non-food contact surface improperly constructed. Unacceptable material used. Non-food contact surface or equipment improperly maintained and/or not properly sealed, raised, spaced or movable to allow accessibility for cleaning on all sides, above and underneath the unit.",Not Critical,10,A,3/28/13,6/6/16,Cycle Inspection / Initial Inspection
41541587,6/12/14,Violations were cited in the following area(s).,05D,Hand washing facility not provided in or near food preparation area and toilet room. Hot and cold running water at adequate pressure to enable cleanliness of employees not provided at facility. Soap and an acceptable hand-drying device not provided.,Critical,20,,,6/6/16,Cycle Inspection / Initial Inspection
41263883,1/15/13,Violations were cited in the following area(s).,10F,"Non-food contact surface improperly constructed. Unacceptable material used. Non-food contact surface or equipment improperly maintained and/or not properly sealed, raised, spaced or movable to allow accessibility for cleaning on all sides, above and underneath the unit.",Not Critical,2,A,1/15/13,6/6/16,Cycle Inspection / Initial Inspection
41124964,10/20/15,No violations were recorded at the time of this inspection.,,,Not Applicable,,,,6/6/16,Administrative Miscellaneous / Initial Inspection
50034210,5/7/15,Violations were cited in the following area(s).,02G,Cold food item held above 41_ F (smoked fish and reduced oxygen packaged foods above 38 ) except during necessary preparation.,Critical,13,A,5/7/15,6/6/16,Pre-permit (Operational) / Initial Inspection
40676801,1/10/15,Violations were cited in the following area(s).,10F,"Non-food contact surface improperly constructed. Unacceptable material used. Non-food contact surface or equipment improperly maintained and/or not properly sealed, raised, spaced or movable to allow accessibility for cleaning on all sides, above and underneath the unit.",Not Critical,12,A,1/10/15,6/6/16,Cycle Inspection / Re-inspection
41701016,7/5/13,Establishment re-closed by DOHMH,10F,"Non-food contact surface improperly constructed. Unacceptable material used. Non-food contact surface or equipment improperly maintained and/or not properly sealed, raised, spaced or movable to allow accessibility for cleaning on all sides, above and underneath the unit.",Not Critical,15,,,6/6/16,Pre-permit (Operational) / Reopening Inspection
41554812,3/1/16,Violations were cited in the following area(s).,04L,Evidence of mice or live mice present in facility's food and/or non-food areas.,Critical,20,Z,3/1/16,6/6/16,Cycle Inspection / Re-inspection
50010981,3/23/15,Violations were cited in the following area(s).,15L,"Smoke free workplace smoking policy inadequate, not posted, not provided to employees.",Not Critical,,,,6/6/16,Smoke-Free Air Act / Re-inspection
40932869,6/1/15,Violations were cited in the following area(s).,02H,"Food not cooled by an approved method whereby the internal product temperature is reduced from 140_ F to 70_ F or less within 2 hours, and from 70_ F to 41_ F or less within 4 additional hours.",Critical,7,A,6/1/15,6/6/16,Cycle Inspection / Re-inspection
50045945,4/4/16,Violations were cited in the following area(s).,10F,"Non-food contact surface improperly constructed. Unacceptable material used. Non-food contact surface or equipment improperly maintained and/or not properly sealed, raised, spaced or movable to allow accessibility for cleaning on all sides, above and underneath the unit.",Not Critical,2,A,4/4/16,6/6/16,Pre-permit (Operational) / Initial Inspection
50006349,12/23/14,Violations were cited in the following area(s).,04L,Evidence of mice or live mice present in facility's food and/or non-food areas.,Critical,27,,,6/6/16,Cycle Inspection / Initial Inspection
40575610,11/4/13,Violations were cited in the following area(s).,10F,"Non-food contact surface improperly constructed. Unacceptable material used. Non-food contact surface or equipment improperly maintained and/or not properly sealed, raised, spaced or movable to allow accessibility for cleaning on all sides, above and underneath the unit.",Not Critical,11,A,11/4/13,6/6/16,Cycle Inspection / Initial Inspection
50014895,1/20/16,Violations were cited in the following area(s).,02G,Cold food item held above 41_ F (smoked fish and reduced oxygen packaged foods above 38 ) except during necessary preparation.,Critical,24,,,6/6/16,Cycle Inspection / Initial Inspection
41664502,10/8/14,Violations were cited in the following area(s).,06D,"Food contact surface not properly washed, rinsed and sanitized after each use and following any activity when contamination may have occurred.",Critical,12,A,10/8/14,6/6/16,Cycle Inspection / Re-inspection
41632770,10/30/13,Violations were cited in the following area(s).,10F,"Non-food contact surface improperly constructed. Unacceptable material used. Non-food contact surface or equipment improperly maintained and/or not properly sealed, raised, spaced or movable to allow accessibility for cleaning on all sides, above and underneath the unit.",Not Critical,11,A,10/30/13,6/6/16,Cycle Inspection / Initial Inspection
40906490,7/23/15,Violations were cited in the following area(s).,09A,Canned food product observed dented and not segregated from other consumable food items.,Not Critical,10,A,7/23/15,6/6/16,Cycle Inspection / Re-inspection
41421560,3/30/15,Violations were cited in the following area(s).,09A,Canned food product observed dented and not segregated from other consumable food items.,Not Critical,12,A,3/30/15,6/6/16,Cycle Inspection / Re-inspection
41665562,8/5/13,Violations were cited in the following area(s).,08A,Facility not vermin proof. Harborage or conditions conducive to attracting vermin to the premises and/or allowing vermin to exist.,Not Critical,16,,,6/6/16,Cycle Inspection / Initial Inspection
41272855,8/30/14,Violations were cited in the following area(s).,02G,Cold food item held above 41_ F (smoked fish and reduced oxygen packaged foods above 38 ) except during necessary preparation.,Critical,12,A,8/30/14,6/6/16,Cycle Inspection / Re-inspection
50032873,6/10/15,Violations were cited in the following area(s).,10F,"Non-food contact surface improperly constructed. Unacceptable material used. Non-food contact surface or equipment improperly maintained and/or not properly sealed, raised, spaced or movable to allow accessibility for cleaning on all sides, above and underneath the unit.",Not Critical,12,A,6/10/15,6/6/16,Cycle Inspection / Re-inspection
41545370,3/30/16,Violations were cited in the following area(s).,06D,"Food contact surface not properly washed, rinsed and sanitized after each use and following any activity when contamination may have occurred.",Critical,10,A,3/30/16,6/6/16,Cycle Inspection / Re-inspection
41382079,6/13/14,Violations were cited in the following area(s).,15L,"Smoke free workplace smoking policy inadequate, not posted, not provided to employees.",Not Critical,,,,6/6/16,Smoke-Free Air Act / Initial Inspection
40700664,5/14/14,Violations were cited in the following area(s).,04K,Evidence of rats or live rats present in facility's food and/or non-food areas.,Critical,47,C,5/14/14,6/6/16,Cycle Inspection / Re-inspection
41273759,5/3/13,No violations were recorded at the time of this inspection.,,,Not Applicable,,,,6/6/16,Calorie Posting / Initial Inspection
40661232,9/22/15,Violations were cited in the following area(s).,02B,Hot food item not held at or above 140_ F.,Critical,23,,,6/6/16,Cycle Inspection / Initial Inspection
41294953,7/22/15,Violations were cited in the following area(s).,04L,Evidence of mice or live mice present in facility's food and/or non-food areas.,Critical,20,,,6/6/16,Cycle Inspection / Initial Inspection
41671752,5/26/16,Violations were cited in the following area(s).,02B,Hot food item not held at or above 140_ F.,Critical,47,,,6/6/16,Cycle Inspection / Initial Inspection
41521159,1/21/15,Violations were cited in the following area(s).,20D,"Choking first aid poster not posted. Alcohol and pregnancy warning sign not posted. Resuscitation equipment: exhaled air resuscitation masks (adult & pediatric), latex gloves, sign not posted. Inspection report sign not posted.",Not Critical,,,,6/6/16,Administrative Miscellaneous / Initial Inspection
41543623,11/18/13,Violations were cited in the following area(s).,08A,Facility not vermin proof. Harborage or conditions conducive to attracting vermin to the premises and/or allowing vermin to exist.,Not Critical,27,B,11/18/13,6/6/16,Cycle Inspection / Re-inspection
41303290,6/20/13,Violations were cited in the following area(s).,04N,"Filth flies or food/refuse/sewage-associated (FRSA) flies present in facilitys food and/or non-food areas. Filth flies include house flies, little house flies, blow flies, bottle flies and flesh flies. Food/refuse/sewage-associated flies include fruit flies, drain flies and Phorid flies.",Critical,24,,,6/6/16,Cycle Inspection / Initial Inspection
41638031,9/11/13,Violations were cited in the following area(s).,20F,Current letter grade card not posted.,Not Critical,,,,6/6/16,Administrative Miscellaneous / Initial Inspection
41633807,8/2/13,Violations were cited in the following area(s).,06D,"Food contact surface not properly washed, rinsed and sanitized after each use and following any activity when contamination may have occurred.",Critical,50,C,8/2/13,6/6/16,Cycle Inspection / Re-inspection
41276545,3/25/15,Violations were cited in the following area(s).,04L,Evidence of mice or live mice present in facility's food and/or non-food areas.,Critical,21,B,3/25/15,6/6/16,Cycle Inspection / Re-inspection
41630686,3/6/14,Violations were cited in the following area(s).,08A,Facility not vermin proof. Harborage or conditions conducive to attracting vermin to the premises and/or allowing vermin to exist.,Not Critical,31,,,6/6/16,Cycle Inspection / Initial Inspection
41624867,3/31/15,Violations were cited in the following area(s).,04H,"Raw, cooked or prepared food is adulterated, contaminated, cross-contaminated, or not discarded in accordance with HACCP plan.",Critical,20,,,6/6/16,Cycle Inspection / Initial Inspection
40399279,8/14/14,Violations were cited in the following area(s).,04L,Evidence of mice or live mice present in facility's food and/or non-food areas.,Critical,13,,,6/6/16,Cycle Inspection / Initial Inspection
40860723,8/14/13,Violations were cited in the following area(s).,10F,"Non-food contact surface improperly constructed. Unacceptable material used. Non-food contact surface or equipment improperly maintained and/or not properly sealed, raised, spaced or movable to allow accessibility for cleaning on all sides, above and underneath the unit.",Not Critical,12,A,8/14/13,6/6/16,Cycle Inspection / Initial Inspection
41429861,12/18/14,Violations were cited in the following area(s).,08A,Facility not vermin proof. Harborage or conditions conducive to attracting vermin to the premises and/or allowing vermin to exist.,Not Critical,11,A,12/18/14,6/6/16,Cycle Inspection / Re-inspection
50012621,3/11/15,Violations were cited in the following area(s).,02G,Cold food item held above 41_ F (smoked fish and reduced oxygen packaged foods above 38 ) except during necessary preparation.,Critical,32,,,6/6/16,Cycle Inspection / Initial Inspection
41116011,2/3/14,Violations were cited in the following area(s).,02B,Hot food item not held at or above 140_ F.,Critical,28,,,6/6/16,Cycle Inspection / Initial Inspection
41423719,7/29/15,Violations were cited in the following area(s).,08A,Facility not vermin proof. Harborage or conditions conducive to attracting vermin to the premises and/or allowing vermin to exist.,Not Critical,13,A,7/29/15,6/6/16,Cycle Inspection / Re-inspection
50045129,4/26/16,Violations were cited in the following area(s).,22C,"Bulb not shielded or shatterproof, in areas where there is extreme heat, temperature changes, or where accidental contact may occur.",Not Critical,,,,6/6/16,Administrative Miscellaneous / Initial Inspection
41217992,11/18/15,Violations were cited in the following area(s).,06F,Wiping cloths soiled or not stored in sanitizing solution.,Critical,7,A,11/18/15,6/6/16,Cycle Inspection / Initial Inspection
41236310,9/12/14,Violations were cited in the following area(s).,08A,Facility not vermin proof. Harborage or conditions conducive to attracting vermin to the premises and/or allowing vermin to exist.,Not Critical,9,,,6/6/16,Cycle Inspection / Initial Inspection
50033691,9/21/15,Establishment Closed by DOHMH.  Violations were cited in the following area(s) and those requiring immediate action were addressed.,04N,"Filth flies or food/refuse/sewage-associated (FRSA) flies present in facilitys food and/or non-food areas. Filth flies include house flies, little house flies, blow flies, bottle flies and flesh flies. Food/refuse/sewage-associated flies include fruit flies, drain flies and Phorid flies.",Critical,28,,,6/6/16,Cycle Inspection / Re-inspection
41409441,10/9/12,Violations were cited in the following area(s).,02B,Hot food item not held at or above 140_ F.,Critical,18,,,6/6/16,Cycle Inspection / Initial Inspection
41408932,5/29/13,Violations were cited in the following area(s).,06B,"Tobacco use, eating, or drinking from open container in food preparation, food storage or dishwashing area observed.",Critical,20,,,6/6/16,Cycle Inspection / Initial Inspection
41660608,5/12/14,Violations were cited in the following area(s).,08A,Facility not vermin proof. Harborage or conditions conducive to attracting vermin to the premises and/or allowing vermin to exist.,Not Critical,43,C,5/12/14,6/6/16,Cycle Inspection / Re-inspection
40793858,5/21/14,Violations were cited in the following area(s).,10B,Plumbing not properly installed or maintained; anti-siphonage or backflow prevention device not provided where required; equipment or floor not properly drained; sewage disposal system in disrepair or not functioning properly.,Not Critical,2,A,5/21/14,6/6/16,Cycle Inspection / Initial Inspection
40886786,9/17/15,Establishment Closed by DOHMH.  Violations were cited in the following area(s) and those requiring immediate action were addressed.,08C,Pesticide use not in accordance with label or applicable laws. Prohibited chemical used/stored. Open bait station used.,Not Critical,44,,,6/6/16,Cycle Inspection / Initial Inspection